INSERT INTO `Usuario`(`IDUsuario`, `NombreUsuario`, `NumTelefono`, `FechaNacimiento`, `Contrasenia`, `Direccion`, `Ciudad`, `Estado`) VALUES
(1, 'Daniel', 1234567890, NULL, 'dani', 'Calle 1', 'Querétaro', 'Querétaro'),
(2, 'Lupita', 1234567891, NULL, 'lupis', 'Calle 2', 'Querétaro', 'Querétaro'),
(3, 'Neto', 1234567892, NULL, 'neto', 'Calle 3', 'Querétaro', 'Querétaro'),
(4, 'Kate', 1234567893, NULL, 'kate', 'Calle 4', 'Querétaro', 'Querétaro'),
(5, 'JuanMa', 1234567894, NULL, 'admin1', 'Calle 5', 'Querétaro', 'Querétaro'),
(6, 'Carlos', 1234567895, NULL, 'admin2', 'Calle 6', 'Querétaro', 'Querétaro'),
(7, 'Ana García', 1234567896, '1950-01-01 00:00:00', NULL, 'Calle 7', 'Querétaro', 'Querétaro'),
(8, 'Miguel Pérez', 1234567897, '1951-02-02 00:00:00', NULL, 'Calle 8', 'Querétaro', 'Querétaro'),
(9, 'Laura Rodríguez', 1234567898, '1952-03-03 00:00:00', NULL, 'Calle 9', 'Querétaro', 'Querétaro'),
(10, 'David Hernández', 1234567899, '1953-04-04 00:00:00', NULL, 'Calle 10', 'Querétaro', 'Querétaro'),
(11, 'María López', 1234567800, '1954-05-05 00:00:00', NULL, 'Calle 11', 'Querétaro', 'Querétaro'),
(12, 'Carlos Sánchez', 1234567801, '1955-06-06 00:00:00', NULL, 'Calle 12', 'Querétaro', 'Querétaro'),
(13, 'Andrea Gómez', 1234567802, '1956-07-07 00:00:00', NULL, 'Calle 13', 'Querétaro', 'Querétaro'),
(14, 'Luis Martínez', 1234567803, '1957-08-08 00:00:00', NULL, 'Calle 14', 'Querétaro', 'Querétaro'),
(15, 'Paula Fernández', 1234567804, '1958-09-09 00:00:00', NULL, 'Calle 15', 'Querétaro', 'Querétaro'),
(16, 'José Ramírez', 1234567805, '1959-10-10 00:00:00', NULL, 'Calle 16', 'Querétaro', 'Querétaro'),
(17, 'Elena Torres', 1234567806, '1960-11-11 00:00:00', NULL, 'Calle 17', 'Querétaro', 'Querétaro'),
(18, 'Diego Morales', 1234567807, '1961-12-12 00:00:00', NULL, 'Calle 18', 'Querétaro', 'Querétaro'),
(19, 'Isabel Romero', 1234567808, '1962-01-13 00:00:00', NULL, 'Calle 19', 'Querétaro', 'Querétaro'),
(20, 'Sergio Vázquez', 1234567809, '1963-02-14 00:00:00', NULL, 'Calle 20', 'Querétaro', 'Querétaro'),
(21, 'Lucía Domínguez', 1234567810, '1964-03-15 00:00:00', NULL, 'Calle 21', 'Querétaro', 'Querétaro'),
(22, 'Jorge Gil', 1234567811, '1965-04-16 00:00:00', NULL, 'Calle 22', 'Querétaro', 'Querétaro'),
(23, 'Raquel Ortega', 1234567812, '1966-05-17 00:00:00', NULL, 'Calle 23', 'Querétaro', 'Querétaro'),
(24, 'Ignacio Rivas', 1234567813, '1967-06-18 00:00:00', NULL, 'Calle 24', 'Querétaro', 'Querétaro'),
(25, 'Carmen Ruiz', 1234567814, '1968-07-19 00:00:00', NULL, 'Calle 25', 'Querétaro', 'Querétaro'),
(26, 'Fernando Navarro', 1234567815, '1969-08-20 00:00:00', NULL, 'Calle 26', 'Querétaro', 'Querétaro'),
(27, 'Marta Castro', 1234567816, '1970-09-21 00:00:00', NULL, 'Calle 27', 'Querétaro', 'Querétaro'),
(28, 'Alberto Medina', 1234567817, '1971-10-22 00:00:00', NULL, 'Calle 28', 'Querétaro', 'Querétaro'),
(29, 'Silvia Paredes', 1234567818, '1972-11-23 00:00:00', NULL, 'Calle 29', 'Querétaro', 'Querétaro'),
(30, 'Gustavo Aguirre', 1234567819, '1973-12-24 00:00:00', NULL, 'Calle 30', 'Querétaro', 'Querétaro'),
(31, 'Beatriz Cabrera', 1234567820, '1974-01-25 00:00:00', NULL, 'Calle 31', 'Querétaro', 'Querétaro'),
(32, 'Rodrigo Campos', 1234567821, '1975-02-26 00:00:00', NULL, 'Calle 32', 'Querétaro', 'Querétaro'),
(33, 'Natalia Vega', 1234567822, '1976-03-27 00:00:00', NULL, 'Calle 33', 'Querétaro', 'Querétaro'),
(34, 'Vicente Herrera', 1234567823, '1977-04-28 00:00:00', NULL, 'Calle 34', 'Querétaro', 'Querétaro'),
(35, 'Sara Escobar', 1234567824, '1978-05-29 00:00:00', NULL, 'Calle 35', 'Querétaro', 'Querétaro'),
(36, 'Ricardo Márquez', 1234567825, '1979-06-30 00:00:00', NULL, 'Calle 36', 'Querétaro', 'Querétaro'),
(37, 'Pilar León', 1234567826, '1980-07-31 00:00:00', NULL, 'Calle 37', 'Querétaro', 'Querétaro'),
(38, 'Héctor Solís', 1234567827, '1981-08-01 00:00:00', NULL, 'Calle 38', 'Querétaro', 'Querétaro'),
(39, 'Alicia Méndez', 1234567828, '1982-09-02 00:00:00', NULL, 'Calle 39', 'Querétaro', 'Querétaro'),
(40, 'Esteban Jiménez', 1234567829, '1983-10-03 00:00:00', NULL, 'Calle 40', 'Querétaro', 'Querétaro'),
(41, 'Verónica Peña', 1234567830, '1984-11-04 00:00:00', NULL, 'Calle 41', 'Querétaro', 'Querétaro'),
(42, 'Andrés Roldán', 1234567831, '1985-12-05 00:00:00', NULL, 'Calle 42', 'Querétaro', 'Querétaro'),
(43, 'Rosa Ibáñez', 1234567832, '1986-01-06 00:00:00', NULL, 'Calle 43', 'Querétaro', 'Querétaro'),
(44, 'Tomás Serrano', 1234567833, '1987-02-07 00:00:00', NULL, 'Calle 44', 'Querétaro', 'Querétaro'),
(45, 'Carolina Ruiz', 1234567834, '1988-03-08 00:00:00', NULL, 'Calle 45', 'Querétaro', 'Querétaro'),
(46, 'Guillermo Sosa', 1234567835, '1989-04-09 00:00:00', NULL, 'Calle 46', 'Querétaro', 'Querétaro'),
(47, 'Mónica Ponce', 1234567836, '1990-05-10 00:00:00', NULL, 'Calle 47', 'Querétaro', 'Querétaro'),
(48, 'Pedro Mora', 1234567837, '1991-06-11 00:00:00', NULL, 'Calle 48', 'Querétaro', 'Querétaro'),
(49, 'Gabriela Barrios', 1234567838, '1992-07-12 00:00:00', NULL, 'Calle 49', 'Querétaro', 'Querétaro'),
(50, 'Ramón Flores', 1234567839, '1993-08-13 00:00:00', NULL, 'Calle 50', 'Querétaro', 'Querétaro'),
(51, 'Lorena Montero', 1234567840, '1994-09-14 00:00:00', NULL, 'Calle 51', 'Querétaro', 'Querétaro'),
(52, 'Julio Arroyo', 1234567841, '1995-10-15 00:00:00', NULL, 'Calle 52', 'Querétaro', 'Querétaro'),
(53, 'Rafael Bautista', 1234567842, '1996-11-16 00:00:00', NULL, 'Calle 53', 'Querétaro', 'Querétaro'),
(54, 'Patricia Velázquez', 1234567843, '1997-12-17 00:00:00', NULL, 'Calle 54', 'Querétaro', 'Querétaro'),
(55, 'Emilio Vargas', 1234567844, '1998-01-18 00:00:00', NULL, 'Calle 55', 'Querétaro', 'Querétaro'),
(56, 'Manuela Quiroz', 1234567845, '1999-02-19 00:00:00', NULL, 'Calle 56', 'Querétaro', 'Querétaro'),
(57, 'Eduardo Salazar', 1234567846, '2000-03-20 00:00:00', NULL, 'Calle 57', 'Querétaro', 'Querétaro'),
(58, 'Luisa Mendoza', 1234567847, '2001-04-21 00:00:00', NULL, 'Calle 58', 'Querétaro', 'Querétaro'),
(59, 'Fabián Paredes', 1234567848, '2002-05-22 00:00:00', NULL, 'Calle 59', 'Querétaro', 'Querétaro'),
(60, 'Sonia Quintero', 1234567849, '2003-06-23 00:00:00', NULL, 'Calle 60', 'Querétaro', 'Querétaro'),
(61, 'Javier Cuevas', 1234567850, '2004-07-24 00:00:00', NULL, 'Calle 61', 'Querétaro', 'Querétaro'),
(62, 'Ángela Villarreal', 1234567851, '2005-08-25 00:00:00', NULL, 'Calle 62', 'Querétaro', 'Querétaro'),
(63, 'Arturo Cornejo', 1234567852, '2006-09-26 00:00:00', NULL, 'Calle 63', 'Querétaro', 'Querétaro'),
(64, 'Valeria Cano', 1234567853, '2007-10-27 00:00:00', NULL, 'Calle 64', 'Querétaro', 'Querétaro'),
(65, 'Mauricio Prieto', 1234567854, '2008-11-28 00:00:00', NULL, 'Calle 65', 'Querétaro', 'Querétaro'),
(66, 'Adriana Méndez', 1234567855, '2009-12-29 00:00:00', NULL, 'Calle 66', 'Querétaro', 'Querétaro'),
(67, 'Roberto Maldonado', 1234567856, '2010-01-30 00:00:00', NULL, 'Calle 67', 'Querétaro', 'Querétaro'),
(68, 'Marina Sáenz', 1234567857, '1952-08-01 00:00:00', NULL, 'Calle 68', 'Querétaro', 'Querétaro'),
(69, 'Ernesto Gutiérrez', 1234567858, '1968-09-02 00:00:00', NULL, 'Calle 69', 'Querétaro', 'Querétaro'),
(70, 'Claudia Lozano', 1234567859, '1975-10-03 00:00:00', NULL, 'Calle 70', 'Querétaro', 'Querétaro'),
(71, 'Pablo Valencia', 1234567860, '1989-11-04 00:00:00', NULL, 'Calle 71', 'Querétaro', 'Querétaro'),
(72, 'Alejandra Ortega', 1234567861, '1958-12-05 00:00:00', NULL, 'Calle 72', 'Querétaro', 'Querétaro'),
(73, 'Cristina Reyes', 1234567862, '1999-01-06 00:00:00', NULL, 'Calle 73', 'Querétaro', 'Querétaro'),
(74, 'Felipe Castro', 1234567863, '1972-02-07 00:00:00', NULL, 'Calle 74', 'Querétaro', 'Querétaro'),
(75, 'Eva Delgado', 1234567864, '2001-03-08 00:00:00', NULL, 'Calle 75', 'Querétaro', 'Querétaro'),
(76, 'Roberto Estrada', 1234567865, '1957-04-09 00:00:00', NULL, 'Calle 76', 'Querétaro', 'Querétaro'),
(77, 'Lidia Ortiz', 1234567866, '1984-05-10 00:00:00', NULL, 'Calle 77', 'Querétaro', 'Querétaro'),
(78, 'Marcos Escamilla', 1234567867, '1995-06-11 00:00:00', NULL, 'Calle 78', 'Querétaro', 'Querétaro'),
(79, 'Susana Cruz', 1234567868, '1979-07-12 00:00:00', NULL, 'Calle 79', 'Querétaro', 'Querétaro'),
(80, 'Nicolás Martínez', 1234567869, '1953-08-13 00:00:00', NULL, 'Calle 80', 'Querétaro', 'Querétaro'),
(81, 'Blanca Zamora', 1234567870, '1961-09-14 00:00:00', NULL, 'Calle 81', 'Querétaro', 'Querétaro'),
(82, 'Gonzalo Durán', 1234567870, '1971-10-15 00:00:00', NULL, 'Calle 82', 'Querétaro', 'Querétaro'),
(83, 'Blanca Flores', 1234567871, '1986-11-16 00:00:00', NULL, 'Calle 83', 'Querétaro', 'Querétaro'),
(84, 'Rubén Castañeda', 1234567872, '1998-12-17 00:00:00', NULL, 'Calle 84', 'Querétaro', 'Querétaro'),
(85, 'Elisa Ramírez', 1234567873, '1963-01-18 00:00:00', NULL, 'Calle 85', 'Querétaro', 'Querétaro'),
(86, 'Mario Luna', 1234567874, '1988-02-19 00:00:00', NULL, 'Calle 86', 'Querétaro', 'Querétaro'),
(87, 'Verónica Guzmán', 1234567875, '2002-03-20 00:00:00', NULL, 'Calle 87', 'Querétaro', 'Querétaro'),
(88, 'Ricardo Silva', 1234567876, '1955-04-21 00:00:00', NULL, 'Calle 88', 'Querétaro', 'Querétaro'),
(89, 'Ana María Ruiz', 1234567877, '1974-05-22 00:00:00', NULL, 'Calle 89', 'Querétaro', 'Querétaro'),
(90, 'Daniela Sánchez', 1234567878, '1960-06-23 00:00:00', NULL, 'Calle 90', 'Querétaro', 'Querétaro'),
(91, 'Julio César Álvarez', 1234567879, '1991-07-24 00:00:00', NULL, 'Calle 91', 'Querétaro', 'Querétaro'),
(92, 'María Teresa Fernández', 1234567880, '2003-08-25 00:00:00', NULL, 'Calle 92', 'Querétaro', 'Querétaro'),
(93, 'José Luis Rivera', 1234567881, '1954-09-26 00:00:00', NULL, 'Calle 93', 'Querétaro', 'Querétaro'),
(94, 'Laura Espinoza', 1234567882, '1980-10-27 00:00:00', NULL, 'Calle 94', 'Querétaro', 'Querétaro'),
(95, 'Raúl Jiménez', 1234567883, '1959-11-28 00:00:00', NULL, 'Calle 95', 'Querétaro', 'Querétaro'),
(96, 'Patricia Garza', 1234567884, '1996-12-29 00:00:00', NULL, 'Calle 96', 'Querétaro', 'Querétaro'),
(97, 'Eduardo Treviño', 1234567885, '1978-01-30 00:00:00', NULL, 'Calle 97', 'Querétaro', 'Querétaro'),
(98, 'Mónica Navarro', 1234567886, '1956-02-31 00:00:00', NULL, 'Calle 98', 'Querétaro', 'Querétaro'),
(99, 'Carlos Domínguez', 1234567887, '1969-03-01 00:00:00', NULL, 'Calle 99', 'Querétaro', 'Querétaro'),
(100, 'Sandra Aguilar', 1234567888, '2004-04-02 00:00:00', NULL, 'Calle 100', 'Querétaro', 'Querétaro');

INSERT INTO Promocion(IDPromocion,NombrePromocion, Fechainicio,FechaCaducidad,Valor,Estatus) 
VALUES
(1, 'chilaquiles sencillos salsa verde y café', '2024-01-01 00:00:00','2024-01-30 00:00:00','2','Activo'),
(2, 'chilaquiles sencillos salsa roja y café', '2024-10-01 00:00:00','2024-10-30 00:00:00','3','Activo'),
(3, 'chilaquiles sencillos salsa mole y café', '2024-01-01 00:00:00','2024-01-30 00:00:00','5','Activo'),
(4, 'chilaquiles sencillos salsa morita y café', '2024-03-01 00:00:00','2024-04-30 00:00:00','7','Activo'),
(5, 'chilaquiles con proteína con pollo y café', '2024-03-01 00:00:00','2024-03-30 00:00:00','11','Activo'),
(6, 'chilaquiles con proteína con huevo estrellado y café', '2024-01-01 00:00:00', '2024-02-28 00:00:00','13','Activo'),
(7, 'chilaquiles con proteína con huevo revuelto y café', '2024-06-01 00:00:00','2024-08-30 00:00:00','17','Activo');

INSERT INTO Recompensa(IDRecompensa, NombreRecompensa)
VALUES
(1, 'chilaquiles sencillos salsa verde'),
(2, 'chilaquiles sencillos salsa roja'),
(3, 'chilaquiles sencillos salsa mole'),
(4, 'chilaquiles sencillos salsa morita'),
(5, 'chilaquiles sencillos salsa habanera'),
(6, 'chilaquiles c/ proteína pollo'),
(7, 'chilaquiles c/ proteína huevo estrellado'),
(8, 'chilaquiles c/ proteína huevo revuelto'),
(9, 'Café americano'),
(10, 'Refresco coca cola'),
(11, 'Refresco fanta naranja'),
(12, 'Refresco sprite'),
(13, 'Refresco sidral mundet manzana'),
(14, 'Refresco fresca toronja'),
(15, 'Brownie de Chocolate'),
(16, 'Mousse de Fresa'),
(17, 'Mousse de Durazno'),
(18, 'Carlota de Limón'),
(19, 'Torta de Chilaquiles c/ proteína, pollo'),
(20, 'Torta de Chilaquiles c/ proteína, huevo estrellado'),
(21, 'Torta de Chilaquiles c/ proteína, huevo revuelto'),
(22, 'Torta de Chilaquiles c/ proteína, salsa verde'),
(23, 'Torta de Chilaquiles c/ proteína, salsa roja'),
(24, 'Torta de Chilaquiles c/ proteína, salsa mole'),
(25, 'Torta de Chilaquiles c/ proteína, salsa morita'),
(26, 'Torta de Chilaquiles c/ proteína, salsa habanera');

INSERT INTO PromocionRecompensa(IDPromocionRecompensa, IDPromocion, IDRecompensa)
VALUES
(1,1,1),
(2,1,9),
(3,2,2),
(4,2,9),
(5,3,3),
(6,3,9),
(7,4,4),
(8,4,9),
(9,5,6),
(10,5,9),
(11,6,7),
(12,6,9),
(13,7,8),
(14,7,9);

INSERT INTO Sucursal(IDSucursal, Direccion,CP,Ciudad, Estado, NumSucursal, NombreSucursal)
VALUES
(1, 'Calle Benito Juárez Nte. 127, Centro', '76000','Santiago de Querétaro','Querétaro','524421234567', 'Chilako');

INSERT INTO Pertenece(IDPertenece, IDUsuario, IDSucursal)
VALUES
(1,5,1),
(2,6,1),
(3,34,1),
(4,45,1),
(5,48,1);

INSERT INTO Asignado(IDAsignado, IDSucursal, IDPromocion)
VALUES
(1,1,1),
(2,1,2),
(3,1,3),
(4,1,4),
(5,1,5),
(6,1,6),
(7,1,7);

INSERT INTO Rol (IDRol, TipoRol)
VALUES
(1, 'Administrador'),
(2, 'Dueño'),
(3, 'Empleado');

INSERT INTO Privilegio(IDPrivilegio, Actividad)
VALUES
(1, 'registrar usuario'),
(2, 'eliminar usuario'),
(3, 'crear promoción'),
(4, 'eliminar promoción'),
(5, 'modificar promoción'),
(6, 'cambiar estatus de promoción'),
(7, 'registrar recompensa'),
(8, 'eliminar recompensa'),
(9, 'modificar recompensa'),
(10, 'consultar estadísticas'),
(11, 'asignar rol'),
(12, 'modificar rol'),
(13, 'eliminar rol'),
(14, 'ver tarjeta de cliente'),
(15, 'editar tarjeta'),
(16, 'asignar fecha vencimiento tarjeta'),
(17, 'consultar sellos asignados por empleado'),
(18, 'registrar dueño'),
(19, 'modificar dueño'),
(20, 'eliminar dueño'),
(21, 'registrar sucursal'),
(22, 'modificar sucursal'),
(23, 'eliminar sucursal');

INSERT INTO UsuarioRol(IDUsuarioRol, IDUsuario, IDRol)
VALUES
(1,1,1),
(2,2,1),
(3,3,1),
(4,4,1),
(5,5,2),
(6,6,2),
(7,34,3),
(8,45,3),
(9,48,3);

INSERT INTO RolPrivilegios(IDRolPrivilegios, IDRol, IDPrivilegio)
VALUES
(1,1,1),
(2,1,2),
(3,1,3),
(4,1,4),
(5,1,5),
(6,1,6),
(7,1,7),
(8,1,8),
(9,1,9),
(10,1,10),
(11,1,11),
(12,1,12),
(13,1,13),
(14,1,14),
(15,1,15),
(16,1,16),
(17,1,17),
(18,2,1),
(19,2,2),
(20,2,3),
(21,2,4),
(22,2,5),
(23,2,6),
(24,2,7),
(25,2,8),
(26,2,9),
(27,2,10),
(28,2,11),
(29,2,12),
(30,2,13),
(31,2,14),
(32,2,15),
(33,2,16),
(34,2,17),
(35,2,18),
(36,2,19),
(37,2,20),
(38,2,21),
(39,2,22),
(40,2,23);

INSERT INTO `Tarjeta`(`IDTarjeta`,`IDUsuario`,`SellosTotal`,`SellosActual`) VALUES
(1,7,17,37),
(2,8,13,13),
(3,9,5,5),
(4,10,10,10),
(5,11,18,18);

INSERT INTO `TarjetaSucursal`(`IDTarjetaSucursal`,`IDSucursal`,`IDTarjeta`) VALUES
(1,1,1),
(2,1,2),
(3,1,3),
(4,1,4),
(5,1,5);

INSERT INTO `Sello`(`IDSello`,`IDTarjeta`,`IDUsuario`,`fechaSello`) VALUES
(1,1,34,'2024-01-01 00:00:00'),
(2,1,45,'2024-01-02 00:00:00'),
(3,1,48,'2024-01-03 00:00:00'),
(4,1,34,'2024-01-04 00:00:00'),
(5,1,45,'2024-01-05 00:00:00'),
(6,1,48,'2024-01-06 00:00:00'),
(7,1,34,'2024-01-07 00:00:00'),
(8,1,45,'2024-01-08 00:00:00'),
(9,1,48,'2024-01-09 00:00:00'),
(10,1,34,'2024-01-10 00:00:00'),
(11,1,45,'2024-01-11 00:00:00'),
(12,1,48,'2024-01-12 00:00:00'),
(13,1,34,'2024-01-13 00:00:00'),
(14,1,45,'2024-01-14 00:00:00'),
(15,1,48,'2024-01-15 00:00:00'),
(16,1,34,'2024-01-16 00:00:00'),
(17,1,45,'2024-01-17 00:00:00'),
(18,2,48,'2024-01-01 00:00:00'),
(19,2,34,'2024-01-02 00:00:00'),
(20,2,45,'2024-01-03 00:00:00'),
(21,2,48,'2024-01-04 00:00:00'),
(22,2,34,'2024-01-05 00:00:00'),
(23,2,45,'2024-01-06 00:00:00'),
(24,2,48,'2024-01-07 00:00:00'),
(25,2,34,'2024-01-08 00:00:00'),
(26,2,45,'2024-01-09 00:00:00'),
(27,2,48,'2024-01-10 00:00:00'),
(28,2,34,'2024-01-11 00:00:00'),
(29,2,45,'2024-01-12 00:00:00'),
(30,2,48,'2024-01-13 00:00:00'),
(31,3,34,'2024-01-01 00:00:00'),
(32,3,45,'2024-01-02 00:00:00'),
(33,3,48,'2024-01-03 00:00:00'),
(34,3,34,'2024-01-04 00:00:00'),
(35,3,45,'2024-01-05 00:00:00'),
(36,4,48,'2024-01-01 00:00:00'),
(37,4,34,'2024-01-02 00:00:00'),
(38,4,45,'2024-01-03 00:00:00'),
(39,4,48,'2024-01-04 00:00:00'),
(40,4,34,'2024-01-05 00:00:00'),
(41,4,45,'2024-01-06 00:00:00'),
(42,4,48,'2024-01-07 00:00:00'),
(43,4,34,'2024-01-08 00:00:00'),
(44,4,45,'2024-01-09 00:00:00'),
(45,4,48,'2024-01-10 00:00:00'),
(46,5,34,'2024-01-01 00:00:00'),
(47,5,45,'2024-01-02 00:00:00'),
(48,5,48,'2024-01-03 00:00:00'),
(49,5,34,'2024-01-04 00:00:00'),
(50,5,45,'2024-01-05 00:00:00'),
(51,5,48,'2024-01-06 00:00:00'),
(52,5,34,'2024-01-07 00:00:00'),
(53,5,45,'2024-01-08 00:00:00'),
(54,5,48,'2024-01-09 00:00:00'),
(55,5,34,'2024-01-10 00:00:00'),
(56,5,45,'2024-01-11 00:00:00'),
(57,5,48,'2024-01-12 00:00:00'),
(58,5,34,'2024-01-13 00:00:00'),
(59,5,45,'2024-01-14 00:00:00'),
(60,5,48,'2024-01-15 00:00:00'),
(61,5,34,'2024-01-16 00:00:00'),
(62,5,45,'2024-01-17 00:00:00'),
(63,5,48,'2024-01-18 00:00:00');

INSERT INTO `Reclama`(`IDReclamo`,`IDUsuario`,`IDPromocion`,`fechaReclamo`) VALUES
(1,7,1,'2024-01-02 00:00:00'),
(2,8,1,'2024-01-02 00:00:00'),
(3,9,1,'2024-01-02 00:00:00'),
(4,10,1,'2024-01-02 00:00:00'),
(5,11,1,'2024-01-02 00:00:00'),
(6,7,2,'2024-01-03 00:00:00'),
(7,8,2,'2024-01-03 00:00:00'),
(8,9,2,'2024-01-03 00:00:00'),
(9,10,2,'2024-01-03 00:00:00'),
(10,11,2,'2024-01-03 00:00:00'),
(11,7,3,'2024-01-05 00:00:00'),
(12,8,3,'2024-01-05 00:00:00'),
(13,9,3,'2024-01-05 00:00:00'),
(14,10,3,'2024-01-05 00:00:00'),
(15,11,3,'2024-01-05 00:00:00'),
(16,7,4,'2024-01-07 00:00:00'),
(17,8,4,'2024-01-07 00:00:00'),
(18,10,4,'2024-01-07 00:00:00'),
(19,11,4,'2024-01-07 00:00:00'),
(20,7,5,'2024-01-11 00:00:00'),
(21,8,5,'2024-01-11 00:00:00'),
(22,11,5,'2024-01-11 00:00:00'),
(23,7,6,'2024-01-13 00:00:00'),
(24,8,6,'2024-01-13 00:00:00'),
(25,11,6,'2024-01-13 00:00:00'),
(26,7,7,'2024-01-17 00:00:00'),
(27,11,7,'2024-01-17 00:00:00');
